source_split,script_name,business_name_record_count,business_addr_record_count
train_s1,Latin,2206821,2206821
train_s2,Bengali,30163,214
train_s2,Devanagari,264239,3527
train_s2,Empty,0,168967
train_s2,Gujarati,30353,79
train_s2,Gurmukhi,6539,5
train_s2,Kannada,36584,40
train_s2,Latin,4568872,4861174
train_s2,Malayalam,18475,0
train_s2,Non-Letter,194,0
train_s2,Odia,7362,0
train_s2,Tamil,33162,397
train_s2,Telugu,38673,213
train_s3,Bengali,17114,812
train_s3,Devanagari,148343,10442
train_s3,Empty,0,175916
train_s3,Gujarati,16928,267
train_s3,Gurmukhi,3855,1
train_s3,Kannada,20833,154
train_s3,Latin,5022977,5096039
train_s3,Malayalam,10536,9
train_s3,Non-Letter,423,0
train_s3,Odia,4088,8
train_s3,Tamil,18775,1345
train_s3,Telugu,21731,610
test_s1,Latin,1732544,1732544
test_s2,Bengali,34964,269
test_s2,Devanagari,303467,3965
test_s2,Empty,0,129408
test_s2,Gujarati,34713,66
test_s2,Gurmukhi,7761,1
test_s2,Kannada,43203,41
test_s2,Latin,4350108,4752771
test_s2,Malayalam,21673,0
test_s2,Non-Letter,111,0
test_s2,Odia,8534,1
test_s2,Tamil,38310,511
test_s2,Telugu,44429,240
test_s3,Bengali,19676,959
test_s3,Devanagari,170091,11884
test_s3,Empty,0,136098
test_s3,Gujarati,19318,269
test_s3,Gurmukhi,4344,7
test_s3,Kannada,24483,181
test_s3,Latin,4780029,4930641
test_s3,Malayalam,12432,16
test_s3,Non-Letter,238,0
test_s3,Odia,4820,4
test_s3,Tamil,21639,1548
test_s3,Telugu,25246,709
